Company Name,Volume,Market Cap,Net Dept,Company Value,Total Revenue,EBITDA,Net Income Common Stockholders,EV/Sales,V/EBITBA,P/E
"Advent Technologies Holdings, Inc.",431074,4612491.8,-1,-1,0,-1631,-993,-1,-1,-4645.006847935549
Algonquin Power & Utilities Corp.,780122,12052884.9,-1,-1,1846699,1378460,851732,-1,-1,14.151029784016568
"ALLETE, Inc.",143875,10092831.25,-1,-1,1196700,400600,159700,-1,-1,63.19869286161553
Alliant Energy Corporation,1822479,105904254.69,-1,-1,3401000,1467000,615000,-1,-1,172.20204014634146
Ameren Corporation,3299144,280790145.84,-1,-1,5920000,2713000,958000,-1,-1,293.10036100208765
