Company Name,Volume,Market Cap,Net Dept,Company Value,Total Revenue,EBITDA,Net Income Common Stockholders,EV/Sales,V/EBITBA,P/E
"2U, Inc.",631706,23006732.52,-1,-1,831527,-74727,-201942,-1,-1,-113.9274272811005
Acme United Corporation,26002,1086623.58,-1,-1,171753,15507,8868,-1,-1,122.5331055480379
Adecoagro S.A.,1334627,14187085.010000002,-1,-1,836426,375854,73780,-1,-1,192.28903510436436
Adtalem Global Education Inc.,284426,10347417.88,-1,-1,1091735,287566,-188155,-1,-1,-54.994115915070026
Afya Limited,227899,5335115.59,-1,-1,1323238,542522,300349,-1,-1,17.763054280187383



