Company Name,Volume,Prvious Close,Total Revenue,Net Dept,Net Income Common Stockholders,Market Cap,Company Value,EV/Sales,V/EBITBA,P/E, , , , 
36Kr Holdings Inc.,97968,2.58,386764,-1,-280231,252757.44,-1,-1,-1,-0.9019610250115083
"Activision Blizzard, Inc.",3092385,97.25,8573000,-1,2311000,300734441.25,-1,-1,-1,130.13173572046733
A.H. Belo Corporation,39697,1.81,150771,-1,-8016,71851.57,-1,-1,-1,-8.963519211576847
"Airbnb, Inc.",12000561,140.4,3423305,-1,-5416322,1684878764.4,-1,-1,-1,-311.07433501922526
AirNet Technology Inc.,90849,3.2,23434,-1,7527,290716.8,-1,-1,-1,38.62319649262654
,,,,,,,,,,,,,,
,,,,,,,,,,,,,,
