Company Name,Volume,Prvious Close,Total Revenue,Net debt,Net Income Common Stockholders,Market Cap,Company Value,EV/Sales,V/EBITBA,P/E, , , , 
"AMC Entertainment Holdings, Inc.",103849861,7.24,4632200000,616100000,-149100000,751872993.64,1367972993.6399999,0.29531820595829195,72652450.66864942,-5.042743082763246
"Facebook, Inc.",2849103300,194.19,3459000000,835000000,4902000000,553267369827.0,554102369827.0,160.19149171061,34039953914.91584,112.86564051958385
"Facebook, Inc.",2849103300,194.19,3459000000,835000000,4902000000,553267369827.0,554102369827.0,160.19149171061,34039953914.91584,112.86564051958385
Alphabet Inc.,682620213,1232.59,18982000000,0,6836000000,841390848341.6699,841390848341.6699,44.32572164901854,51768341127.27927,123.08233591891018
"Zoom Video Communications, Inc.",276401815,76.3,115396000,0,21750000,21089458484.5,21089458484.5,182.75727481455164,43181063.08098346,969.6302751494253
,,,,,,,,,,,,,,
,,,,,,,,,,,,,,
