Company Name,Volume,Prvious Close,Total Revenue,Net Dept,Net Income Common Stockholders,Market Cap,Company Value,EV/Sales,V/EBITBA,P/E
"21Vianet Group, Inc.",1653870,22.32,5125145,-1,-2655243,36914378.4,-1,-1,-1,-13.902448250499106
3D Systems Corporation,6977376,29.41,567721,-1,-85442,205204628.16,-1,-1,-1,-2401.6833426183844
"8x8, Inc.",515090,23.55,532344,-1,-165585,12130369.5,-1,-1,-1,-73.25765920826161
9F Inc.,269612,1.37,1256005,-1,-2258895,369368.44,-1,-1,-1,-0.1635173126683622
"A10 Networks, Inc.",512467,9.73,226606,-1,20770,4986303.91,-1,-1,-1,240.07240779971113
