Company Name,Volume,Previous Close,Total Revenue,Net debt,Net Income Common Stockholders,Market Cap,Company Value,EV/Sales,V/EBITBA,P/E, , , , 
The Boeing Company,564325344,131.3,16768000000,5173000000,-628000000,74095917667.20001,79268917667.20001,4.727392513549619,-2358211390.1112638,-117.98713004331212
General Electric Company,8747092000,6.8,15696000000,-1,6156000000,59480225600.0,-1,-1,-1,9.662154905782977
Plug Power Inc.,261070703,3.16,202273000,75968000,-85517000,824983421.48,900951421.48,4.454135853425815,-31095168.823082764,-9.647010787094963
"United Airlines Holdings, Inc.",253043650,88.09,16427000000,2139000000,3009000000,22290615128.5,24429615128.5,1.4871623016071103,4552667746.645546,7.407981099534729
American Airlines Group Inc.,422894501,12.63,4750000000,5270000000,-2241000000,5341157547.63,10611157547.630001,2.2339279047642107,689215221.3321643,-2.3833813242436412
,,,,,,,,,,,,,,
,,,,,,,,,,,,,,
