Company Name,Volume,Prvious Close,Total Revenue,Net Dept,Net Income Common Stockholders,Market Cap,Company Value,EV/Sales,V/EBITBA,P/E, , , , 
36Kr Holdings Inc.,97968,2.58,386764,242722,-280231,252757.44,846285.44,1.348019567488184,-1.4711393882232577,-0.9019610250115083
"Activision Blizzard, Inc.",3092385,97.25,8573000,80507,2311000,300734441.25,301723639.25,35.10573454450017,90.46301239855725,130.13173572046733
A.H. Belo Corporation,39697,1.81,150771,272049,-8016,71851.57,762538.5700000001,0.8374924222827997,-14.99059510720176,-8.963519211576847
"Airbnb, Inc.",12000561,140.4,3423305,182477,-5416322,1684878764.4,1685123514.4,492.3898569949216,-351.15640200596187,-311.07433501922526
AirNet Technology Inc.,90849,3.2,23434,983360,7527,290716.8,1099358.8,29.145933259366736,-748.5539869281047,38.62319649262654
,,,,,,,,,,,,,,
,,,,,,,,,,,,,,
