Company Name,Volume,Prvious Close,Total Revenue,Net debt,Net Income Common Stockholders,Market Cap,Company Value,EV/Sales,V/EBITBA,P/E, , , , 
"21Vianet Group, Inc.",674356266,7.25,1.506,5459316000,-182292000,4889082928.5,10348398928.5,6871446831.673306,1529018754.210993,-26.82006302251333
3D Systems Corporation,118420818,8.75,1.647,92692000,-69880000,1036182157.5,1128874157.5,685412360.3521554,-7771029.604108297,-14.828021715798512
"8x8, Inc.",95654698,20.2,5.48,216035000,-88739000,1932224899.6,2148259899.6,392018229.8540146,-71954042.72508039,-21.77424694441001
9F Inc.,2986142,1.94,-1,0,1964579000,5793115.4799999995,5793115.4799999995,-1,-1,0.00294878214620028
"A10 Networks, Inc.",76818472,6.87,2.482,0,-17819000,527742902.64,527742902.64,212628083.25543913,-6597940.922661466,-29.616864169706492
,,,,,,,,,,,,,,
,,,,,,,,,,,,,,
