Company Name,Volume,Prvious Close,Total Revenue,Net Dept,Net Income Common Stockholders,Market Cap,Company Value,EV/Sales,V/EBITBA,P/E, , , , 
36Kr Holdings Inc.,25922,2.67,386764,442768,-280231,69211.74,152342.74,2.2825876762056447,-1.8389619617779411,-0.24698102636753252
"Activision Blizzard, Inc.",453973,96.93,8573000,628261,2311000,44003602.89,44324838.89,5.216116515805436,13.356082022843403,19.040935910861098
"Airbnb, Inc.",2863684,143.79,3423305,447444,-5416322,411769122.35999995,412443274.35999995,120.54197518479947,-85.9838516818603,-76.02375234707242
AirNet Technology Inc.,27511,3.19,23434,715694,7527,87760.09,407710.08999999997,21.943163352393956,-1366.1386797385621,11.659371595589212
Allied Esports Entertainment Inc.,45367,2.3401,2654,144913,-39619,106163.31670000001,310483.3167,342.3859520346646,-7.531513289106992,-2.679606166233373
,,,,,,,,,,,,,,
,,,,,,,,,,,,,,
