Company Name,Previous Close,Volume,Market Cap,Net debt,Company Value,Total Revenue,EBITDA,Net Income Common Stockholders,EV/Sales,V/EBITBA,P/E,0, , 
NVIDIA Corporation,250.48,"612,000,000",1.53294e+11,0,1.53294e+11,"10,918,000,000","6,956,000","2,796,000,000",14.0405,"22,037.6",54.8261,0
Microsoft Corporation,177.43,"7,583,440,247",1.34553e+12,"3,748,000,000",1.34928e+12,"35,021,000,000","79,444,000","10,752,000,000",38.5277,"16,984",125.142,0
"Advanced Micro Devices, Inc.",53.66,"1,171,190,397",6.28461e+10,0,6.28461e+10,"1,786,000,000","2,175,000","162,000,000",35.1882,"28,894.7",387.939,0
"Square, Inc.",62.56,"429,681,477",2.68809e+10,"27,275,000",2.69081e+10,"4,713,500,000",57.409,"375,446,000",5.70874,4.6871e+08,71.5972,0
"CrowdStrike Holdings, Inc.",61.09,"205,544,871",1.25567e+10,0,1.25567e+10,"481,413,000",-101.989,"-141,779,000",26.0831,-1.23119e+08,-88.5656,0
,,,,,,,,,,,,,,
,,,,,,,,,,,,,,
