Company Name,Volume,Previous Close,Total Revenue,Net debt,Net Income Common Stockholders,Market Cap,Company Value,EV/Sales,V/EBITBA,P/E, , , , 
3M Company,575196371,153.65,4109000000,3492000000,1292000000,88378922404.15001,91870922404.15001,22.358462497967878,6699549508.068987,68.40473870290248
,,,,,,,,,,,,,,
,,,,,,,,,,,,,,
