Types,Median,Average, , , , , , , , , , , , 
EV/Sales,-0.7723034746334274,-86.12044274463862
V/EBITBA,-1.8841323904372917,-175.00466884483833
P/E,19.692638942027294,102.57444199983823
,,,,,,,,,,,,,,
,,,,,,,,,,,,,,
