Types,Median,Average, , , , , , , , , , , , 
EV/Sales,112.86564051958385,262.680229804948
V/EBITBA,34039953914.91584,23992816494.172115
P/E,160.19149171061,109.55225961814968
,,,,,,,,,,,,,,
,,,,,,,,,,,,,,
