Types,Median,Average, , , , , , , , , , , , 
EV/Sales,-21.77424694441001,-18.60724941405643
V/EBITBA,-6597940.922661466,288539147.99182856
P/E,392018229.8540146,1632301100.826983
,,,,,,,,,,,,,,
,,,,,,,,,,,,,,
