Types,Median,Average, , , , , , , , , , , , 
EV/Sales,125.14228078731492,"3,119.270556244391"
V/EBITBA,"22,037.630822311672","183,259,251.58903316"
P/E,14.040461623007877,18.493010540727383
,,,,,,,,,,,,,,
,,,,,,,,,,,,,,
