Types,Median,Average, , , , , , , , , , , , 
EV/Sales,-0.9019610250115083,-30.43697660854395
V/EBITBA,-14.99059510720176,-205.14182220618687
P/E,29.145933259366736,111.76540735771191
,,,,,,,,,,,,,,
,,,,,,,,,,,,,,
