Types,Median,Average, , , , , , , , , , , , 
EV/Sales,-2.3833813242436412,-22.589477229866606
V/EBITBA,-1,570515281.6086727
P/E,2.2339279047642107,2.3805237146693514
,,,,,,,,,,,,,,
,,,,,,,,,,,,,,
