Types,Values,Randament, , , , , , , , , , , , 
Previous Close,2411.56,-1.000009731420893
Pret Tinta,-0.02346790536899919, 
Recomandare,HOLD, 
,,,,,,,,,,,,,,
,,,,,,,,,,,,,,
Company Name,Volume,Prvious Close,Total Revenue,Net Dept,Net Income Common Stockholders,Market Cap,Company Value,EV/Sales,V/EBITBA,P/E, , , , 
36Kr Holdings Inc.,97968,2.58,386764,-1,-280231,252757.44,-1,-1,-1,-0.9019610250115083
"Activision Blizzard, Inc.",3092385,97.25,8573000,-1,2311000,300734441.25,-1,-1,-1,130.13173572046733
A.H. Belo Corporation,39697,1.81,150771,-1,-8016,71851.57,-1,-1,-1,-8.963519211576847
"Airbnb, Inc.",12000561,140.4,3423305,-1,-5416322,1684878764.4,-1,-1,-1,-311.07433501922526
AirNet Technology Inc.,90849,3.2,23434,-1,7527,290716.8,-1,-1,-1,38.62319649262654
,,,,,,,,,,,,,,
,,,,,,,,,,,,,,
Types,Median,Average, , , , , , , , , , , , 
EV/Sales,-0.9019610250115083,-30.43697660854395
V/EBITBA,-1,-1.0
P/E,-1,-1.0
,,,,,,,,,,,,,,
,,,,,,,,,,,,,,
Volume,Prvious Close,Total Revenue,Net Dept,Net Income Common Stockholders,Market Cap,Company Value,EV/Sales,V/EBITBA,P/E,Pret tinta, , , , 
1205382,2411.56,196682000,-1,51363000,-177399497.32131347,-177399498.32131347,-1,-1,-0.9019610250115083,-0.006794731767569562
1205382,2411.56,196682000,-1,51363000,-75139999,-75140000,-1,-1,56.59426076981485,-0.016041815491639813
1205382,2411.56,196682000,-1,51363000,-51362999,-51363000,-1,-1,56.59426076981485,-0.02346790536899919
,,,,,,,,,,,,,,
,,,,,,,,,,,,,,
