Company Name,Volume,Prvious Close,Total Revenue,Net Dept,Net Income Common Stockholders,Market Cap,Company Value,EV/Sales,V/EBITBA,P/E, , , , 
Apple Inc.,71311109,124.61,325406000,-1,76311000,8886077292.49,-1,-1,-1,116.44556214032053
,,,,,,,,,,,,,,
,,,,,,,,,,,,,,
Company Name,Volume,Prvious Close,Total Revenue,Net Dept,Net Income Common Stockholders,Market Cap,Company Value,EV/Sales,V/EBITBA,P/E, , , , 
"21Vianet Group, Inc.",1653870,22.32,5125145,-1,-2655243,36914378.4,-1,-1,-1,-13.902448250499106
3D Systems Corporation,6977376,29.41,567721,-1,-85442,205204628.16,-1,-1,-1,-2401.6833426183844
"8x8, Inc.",515090,23.55,532344,-1,-165585,12130369.5,-1,-1,-1,-73.25765920826161
9F Inc.,269612,1.37,1256005,-1,-2258895,369368.44,-1,-1,-1,-0.1635173126683622
"A10 Networks, Inc.",512467,9.73,226606,-1,20770,4986303.91,-1,-1,-1,240.07240779971113
,,,,,,,,,,,,,,
,,,,,,,,,,,,,,
Types,Median,Average, , , , , , , , , , , , 
EV/Sales,-13.902448250499106,-449.78691191802045
V/EBITBA,-1,-1.0
P/E,-1,-1.0
,,,,,,,,,,,,,,
,,,,,,,,,,,,,,
Volume,Prvious Close,Total Revenue,Net Dept,Net Income Common Stockholders,Market Cap,Company Value,EV/Sales,V/EBITBA,P/E,Pret tinta, , , , 
71311109,124.61,325406000,-1,76311000,8886077293.49,-4523940075.401912,-1,-1,-13.902448250499106,0.008025038118027962
71311109,124.61,325406000,-1,76311000,8886077293.49,-103184000,-1,-1,116.44556214032053,0.008025038118027962
71311109,124.61,325406000,-1,76311000,8886077293.49,-103184000,-1,-1,116.44556214032053,0.008025038118027962
,,,,,,,,,,,,,,
,,,,,,,,,,,,,,
