Volume,Prvious Close,Total Revenue,Net debt,Net Income Common Stockholders,Market Cap,Company Value,EV/Sales,V/EBITBA,P/E,Pret tinta, , , , 
4334335000,289.07,4.675,109507000000,11249000000,-135431503877.66818,-244938503877.66818,291429565443.8503,81198713776.14876,-21.77424694441001,-0.017695604943209483
4334335000,289.07,4.675,109507000000,11249000000,-109617706850.74133,-110706850.74133673,291429565443.8503,-6597940.922661466,111.38111996177437,-0.039540464077594296
4334335000,289.07,4.675,109507000000,11249000000,-107674314775.43248,1832685224.567518,392018229.8540146,81198713776.14876,111.38111996177437,-0.040254121969940264
,,,,,,,,,,,,,,
,,,,,,,,,,,,,,
