Volume,Prvious Close,Total Revenue,Net Dept,Net Income Common Stockholders,Market Cap,Company Value,EV/Sales,V/EBITBA,P/E,Pret tinta, , , , 
1205382,2411.56,196682000,-1,51363000,-177399497.32131347,-177399498.32131347,-1,-1,-0.9019610250115083,-0.006794731767569562
1205382,2411.56,196682000,-1,51363000,-75139999,-75140000,-1,-1,56.59426076981485,-0.016041815491639813
1205382,2411.56,196682000,-1,51363000,-51362999,-51363000,-1,-1,56.59426076981485,-0.02346790536899919
,,,,,,,,,,,,,,
,,,,,,,,,,,,,,
