Volume,Prvious Close,Total Revenue,Net Dept,Net Income Common Stockholders,Market Cap,Company Value,EV/Sales,V/EBITBA,P/E,Pret tinta, , , , 
1205382,2411.56,196682000,483497,51363000,-177882995.32131347,-177399498.32131347,14.78233286177688,38.68649550066542,-0.9019610250115083,-0.006776263227537266
1205382,2411.56,196682000,483497,51363000,-1126876813.3551402,-1126393316.3551402,14.78233286177688,-14.99059510720176,56.59426076981485,-0.0010696661655599426
1205382,2411.56,196682000,483497,51363000,1496539073.0008535,1497022570.0008535,29.145933259366736,38.68649550066542,56.59426076981485,0.0008054463941145041
,,,,,,,,,,,,,,
,,,,,,,,,,,,,,
