Volume,Prvious Close,Total Revenue,Net debt,Net Income Common Stockholders,Market Cap,Company Value,EV/Sales,V/EBITBA,P/E,Pret tinta, , , , 
1297434,2451.76,196682000,-1,51363000,5797117893.007385,5797117894.007385,-1,-1,112.86564051958385,0.00022380673012380644
1297434,2451.76,196682000,-1,51363000,2.5577621371667763e+18,2.5577621371667763e+18,-1,34039953914.91584,61.931678130950296,5.072535796613062e-13
1297434,2451.76,196682000,-1,51363000,31506782973.626194,31506782972.626194,160.19149171061,-1,61.931678130950296,4.117951366491655e-05
,,,,,,,,,,,,,,
,,,,,,,,,,,,,,
