Volume,Prvious Close,Total Revenue,Net Dept,Net Income Common Stockholders,Market Cap,Company Value,EV/Sales,V/EBITBA,P/E,Pret tinta, , , , 
71311109,124.61,325406000,-1,76311000,8886077293.49,-4523940075.401912,-1,-1,-13.902448250499106,0.008025038118027962
71311109,124.61,325406000,-1,76311000,8886077293.49,-103184000,-1,-1,116.44556214032053,0.008025038118027962
71311109,124.61,325406000,-1,76311000,8886077293.49,-103184000,-1,-1,116.44556214032053,0.008025038118027962
,,,,,,,,,,,,,,
,,,,,,,,,,,,,,
