Volume,Prvious Close,Total Revenue,Net Dept,Net Income Common Stockholders,Market Cap,Company Value,EV/Sales,V/EBITBA,P/E,Pret tinta, , , , 
215186,2426.53,196682000,641347,51363000,-49218069.22801903,-48576722.22801903,2.658193482779309,6.957973949693906,-0.24698102636753252,-0.004372093488736413
215186,2426.53,196682000,641347,51363000,-566559255.5434994,-565917908.5434994,2.658193482779309,-7.531513289106992,10.165981048225378,-0.000379811992998989
215186,2426.53,196682000,641347,51363000,1126425352.2690108,1127066699.2690108,21.943163352393956,6.957973949693906,10.165981048225378,0.00019103440770978819
,,,,,,,,,,,,,,
,,,,,,,,,,,,,,
