Company Name,Volume,Previous Close,Total Revenue,Net debt,Net Income Common Stockholders,Market Cap,Company Value,EV/Sales,V/EBITBA,P/E,Pret tinta, , , 
3M Company,575196371,153.65,4109000000,3492000000,1292000000,412671329.0772157,-3079328670.9227843,22.358462497967878,6699549508.068987,-2.3833813242436412,-0.18679278260596668
3M Company,575196371,153.65,4109000000,3492000000,1292000000,-3492000013.713,-13.713,22.358462497967878,-1,68.40473870290248,-0.16471831865441516
3M Company,575196371,153.65,4109000000,3492000000,1292000000,5687209760.676142,9179209760.676142,2.2339279047642107,6699549508.068987,68.40473870290248,0.10113858908056453
,,,,,,,,,,,,,,
,,,,,,,,,,,,,,
