Company Name,Volume,Prvious Close,Total Revenue,Net Dept,Net Income Common Stockholders,Market Cap,Company Value,EV/Sales,V/EBITBA,P/E,Pret tinta, , , 
Alphabet Inc.,1205382,2411.56,196682000,-1,51363000,2906851016.92,-177399498.32131347,-1,-1,-0.9019610250115083,0.0004146693425235056
Alphabet Inc.,1205382,2411.56,196682000,-1,51363000,2906851016.92,-75140000,-1,-1,56.59426076981485,0.0004146693425235056
Alphabet Inc.,1205382,2411.56,196682000,-1,51363000,2906851016.92,-75140000,-1,-1,56.59426076981485,0.0004146693425235056
,,,,,,,,,,,,,,
,,,,,,,,,,,,,,
