Volume,Prvious Close,Total Revenue,Net debt,Net Income Common Stockholders,Market Cap,Company Value,EV/Sales,V/EBITBA,P/E,Pret tinta, , , , 
553354,2417.87,196682000,933640,51363000,-152831831.99785176,-151898191.99785176,6.805469554814371,17.81560875672079,-0.7723034746334274,-0.003620672426460072
553354,2417.87,196682000,933640,51363000,-142507347.8174581,-141573707.8174581,6.805469554814371,-1.8841323904372917,26.048673869906352,-0.0038829857440670894
553354,2417.87,196682000,933640,51363000,1010539373.979348,1011473013.979348,19.692638942027294,17.81560875672079,26.048673869906352,0.000547582819876654
,,,,,,,,,,,,,,
,,,,,,,,,,,,,,
